rank,lad_code,lad_name,region,jti_score,emissions_score,transport_score,structural_score,emissions_pc_tco2,fuel_pc_ktoe_per_1000,freight_share,bioenergy_share,population,area_km2
1,E07000218,North Warwickshire,West Midlands,0.3318679027363643,0.1734251109407343,0.6092795389131634,0.0144353170073182,5.865529827295196,2.7522146040872344,0.5598039464316884,0.0678376890664296,66356,284.2613
2,E09000001,City of London,London,0.288388554086888,0.2776633476975624,0.246633486655877,0.5090348557575598,34.77805860745259,0.8851545606949547,0.3571903712530656,0.067687993740785,13606,3.1496
3,E07000072,Epping Forest,East of England,0.2770178581299816,0.2158927894789703,0.4155953281389664,0.028333321349099,3.5092220212665963,1.4731717460389149,0.4910485489968829,0.0676229237909031,136176,338.9842
4,E07000033,Bolsover,East Midlands,0.2740238387968313,0.191936401411526,0.433468841561063,0.0466810146664309,3.761653096011888,1.3436789882358071,0.5343600479498378,0.0677560368162371,82771,160.3347
5,E07000077,Uttlesford,East of England,0.2707934121154983,0.2068691754917857,0.4083007990752593,0.0403850473950167,5.0370018126610585,1.6337413251183526,0.4575730425646624,0.0675481273101887,93910,641.1829
6,E07000011,Huntingdonshire,East of England,0.2692471163520661,0.1947358582199192,0.417617510008788,0.0483218323859129,4.863465548598975,1.2600209312796784,0.5255012677462314,0.0677195903002865,187113,912.5461
7,E07000196,South Staffordshire,West Midlands,0.2681087943815189,0.1979919182261914,0.4110052060691704,0.0471075284075507,4.117075471537404,1.3278340532483082,0.5067142928462962,0.0676821482463159,113412,407.3223
8,E07000134,North West Leicestershire,East Midlands,0.2642073899880222,0.1777928786729107,0.4212987230504102,0.0679146143140266,5.819732472682232,1.3944987527290449,0.5105257453133674,0.0676903197892739,110203,279.328
9,E06000017,Rutland,East Midlands,0.2610398699542952,0.2068308181225406,0.3876047527950917,0.025825597749882,6.922359662484379,1.2987504685341356,0.4798374023995755,0.0676152705097077,40807,393.749
10,E07000197,Stafford,West Midlands,0.2595668349967783,0.2062878795326795,0.3823207125772487,0.03494610199539,3.985839190013336,1.1882534408232772,0.4888997856278928,0.0676087466527302,140227,598.1721
11,E07000012,South Cambridgeshire,East of England,0.2573760346367538,0.199192774044262,0.3783179687747438,0.0645246010472523,5.141145150122839,1.1997778999000608,0.4820386576073242,0.0676097902776077,169328,901.6873
12,E07000220,Rugby,West Midlands,0.2533006924322457,0.1804587202217912,0.3900845359586553,0.0703751793788791,4.554994647623435,1.266421453808089,0.4876483532196016,0.067605997996255,119395,353.5573
13,E07000203,Mid Suffolk,East of England,0.2532795544105669,0.2125474371061142,0.3505284903427692,0.0679443972040208,4.928939313406199,0.8603864693857091,0.4952504078327251,0.0676300504808204,108144,871.0706
14,E07000131,Harborough,East Midlands,0.2511725406838009,0.1989430745198011,0.3627033649539104,0.0661965744233626,3.807440193528326,1.0755212102063127,0.4796805894344378,0.0676049035396543,102910,592.6921
15,E06000013,North Lincolnshire,Yorkshire and the Humber,0.2503340096192473,0.1885665719284656,0.3885907426671722,0.0061442658814562,4.564534496747362,0.9074760318496222,0.5391419412094158,0.0677531583404787,170477,875.6845
16,E07000171,Bassetlaw,East Midlands,0.2500186846943486,0.2227914495028744,0.3309366079009687,0.0624831678252397,5.353343675314292,0.9511640628449336,0.4554463838998314,0.067510585865969,122577,639.4926
17,E07000234,Bromsgrove,West Midlands,0.2497753741693573,0.1955791591013509,0.3742241794994563,0.0229612281889938,3.5302664899213907,1.4429965024622182,0.4401070475764009,0.067469811795487,101006,216.9684
18,E07000111,Sevenoaks,South East,0.2479710102197764,0.1850664100903822,0.3850416180568743,0.014211579518356,3.16891963110352,1.3552662338840729,0.4678034672132831,0.0675632298341788,121774,370.3469
19,E07000107,Dartford,South East,0.2463220175743537,0.1934981779693204,0.3556970330174224,0.0729411538272454,3.4184783473918965,0.9637727835643698,0.4863191323813793,0.0675617641415174,121966,76.3104
20,E07000175,Newark and Sherwood,East Midlands,0.2449995986778476,0.2089415415695308,0.3434256320266837,0.031585750824087,5.947826444568417,0.9889679716355876,0.4666047449677126,0.0675502395732118,126372,651.8354
21,E07000238,Wychavon,West Midlands,0.2420011969344625,0.1872903069250538,0.3590787150752669,0.0472455744182883,4.391093922450383,1.2058655457160092,0.4553014645915294,0.0675251316226496,136648,663.5418
22,E06000037,West Berkshire,South East,0.2406918663662396,0.1911552447534749,0.3549953981717559,0.0311608472079978,4.299240553027304,1.2682960291939418,0.4406788915434255,0.0674974609437159,164189,704.1694
23,E07000129,Blaby,East Midlands,0.2395110001357167,0.1912136855667231,0.3510327743643799,0.0349104760660319,3.1879671428165253,1.0530721064767763,0.4673626992297633,0.0675651959696165,105513,130.4686
24,E07000240,St Albans,East of England,0.2377595256496217,0.1769746459318903,0.368033093625231,0.0205896523358408,3.0348837798222124,1.1791550171197347,0.471138110716618,0.0675581254937421,149729,161.2058
25,E07000221,Stratford-on-Avon,West Midlands,0.2371950407869408,0.1964870261023155,0.3251292014431278,0.0889984715853195,4.311176416984419,1.2374680320624885,0.4052604871756224,0.0673916680823214,142931,977.8694
26,E07000215,Tandridge,South East,0.2369954804895017,0.1840224152457394,0.3537273013105002,0.0349335234243198,3.2219361819231747,1.366111569790791,0.4242111741695087,0.0674315870804992,90049,248.1947
27,E07000009,East Cambridgeshire,East of England,0.2364886781778689,0.2059334004927187,0.3174776887895726,0.0653090241568055,5.063549107958341,0.9138828011334882,0.4431129566189128,0.0674870679620851,91313,651.7204
28,E07000083,Tewkesbury,South West,0.2361843508275642,0.1876973882929681,0.3367456865529533,0.0763738205989893,4.178647352239166,1.223109739208853,0.4229020383499912,0.0674379226120931,99546,414.976
29,E06000034,Thurrock,East of England,0.2347959325907892,0.1832216801191077,0.3474553480742006,0.0420295330155508,4.263371152800089,0.8251689981807411,0.4958222974626862,0.067576888530753,179280,184.318
30,E07000235,Malvern Hills,West Midlands,0.2335779931682145,0.2026781760511153,0.3230005954596768,0.0303866695878617,4.110343517689126,1.130416167016198,0.4180459434762926,0.0673971481802944,81943,577.071
31,E06000049,Cheshire East,North West,0.2328610144717529,0.2061252684857789,0.3103568331346483,0.0565564697500418,4.021893788791234,0.8500635293190507,0.4428412996547434,0.0674616531890655,414836,1166.3577
32,E06000050,Cheshire West and Chester,North West,0.2314608479203637,0.2455963921703705,0.262247405689023,0.0376368955956927,4.523009911548689,0.7576240240130593,0.39230713443681,0.0673238027979866,366665,941.207
33,E07000068,Brentwood,East of England,0.2309414990106746,0.1831661065843415,0.3381698805714004,0.0409049348994373,4.205116604598054,1.0711651776711535,0.4469615661645747,0.0674590767520868,78381,153.1241
34,E07000039,South Derbyshire,East Midlands,0.2303342117870529,0.197983169873309,0.3071462130822381,0.0848414161750315,4.876855849370264,0.9091214035648788,0.4298456182394666,0.067434404667761,114413,338.1269
35,E07000195,Newcastle-under-Lyme,West Midlands,0.2303086891131202,0.1772992155646932,0.3490929629112275,0.0202189616628264,3.886684717655722,0.9422052698969814,0.4808276270472668,0.0675588541181336,126282,210.9574
36,E07000042,Mid Devon,South West,0.2295536399918558,0.2159491978389626,0.3001754104735354,0.0150887688296034,4.224943406178055,1.117616350597605,0.3899022482826518,0.0673645441024568,84266,912.8978
37,E07000141,South Kesteven,East Midlands,0.2287643309602768,0.1875605511833219,0.3282420482776835,0.0368723605754251,4.4366305801976536,0.7636799699896593,0.4800960102565291,0.0676116465641603,146114,942.586
38,E06000056,Central Bedfordshire,East of England,0.2279289294329517,0.1892136138272297,0.3147275182415697,0.0743111522270896,3.2119579383545265,0.8178492995495368,0.4537385690770985,0.0675168697376302,309382,715.6657
39,E07000115,Tonbridge and Malling,South East,0.2250593459096697,0.1896968466318132,0.3156568394662667,0.0394818680725642,3.286687996197354,0.9111159783749502,0.4410425205923203,0.0674766640645924,135432,240.9735
40,E07000102,Three Rivers,East of England,0.2246846315721549,0.1810081650794697,0.3286601345918714,0.0271649519567148,3.276318708317121,1.0923277277926238,0.4312512885613739,0.0674305952735956,95093,88.8242
41,E07000177,Cherwell,South East,0.2239489407829069,0.1613408944436602,0.3440851314123523,0.0564444099613582,3.99763736398376,1.1074090551423137,0.4500231659811822,0.0675209982141426,167480,588.7412
42,E07000194,Lichfield,West Midlands,0.2234287669949375,0.1966857426731653,0.2997799641757176,0.0517390998806784,4.474183388285901,0.9170448577021972,0.4187605435554323,0.0673981500390001,110192,331.2944
43,E08000017,Doncaster,Yorkshire and the Humber,0.2227708426211936,0.1629630226937287,0.3436082665802072,0.0384602464224641,3.534614982896256,0.878073781356548,0.4830794498283201,0.0675685792664972,315428,568.5513
44,E07000098,Hertsmere,East of England,0.2223827306069418,0.1717110973776318,0.3332777901846459,0.0321606584426753,3.1343697293735104,0.9940192173475564,0.4522793333506304,0.0675099526266743,109483,101.1282
45,E06000024,North Somerset,South West,0.2218314315310798,0.2552958648724427,0.2257561993175717,0.0388101936782976,3.65185088575072,0.8071845910995841,0.3359656427335096,0.0671506621322344,221927,390.704
46,E07000143,Breckland,East of England,0.2215724996902102,0.2087970986762488,0.2851083053935075,0.031306281946828,4.508410888487173,0.85307376853359,0.4087771954865442,0.0673809022926448,144934,1305.1168
47,E07000200,Babergh,East of England,0.2207922334502125,0.184833884391466,0.3089467047800495,0.0479660934245968,4.289235478603932,0.7986339476418048,0.4487775862094643,0.0674940493614129,95812,611.6399
48,E07000212,Runnymede,South East,0.2207657239344855,0.1779513937745188,0.3129131431500347,0.0662476978721228,3.320265668752264,1.2403499271843652,0.3882018869462864,0.0673155087558649,91101,78.0407
49,E07000094,Winchester,South East,0.2206583019157162,0.1956582211839749,0.2920325961965493,0.06016152845109,4.000178278935558,1.0691233636075872,0.3860314861269961,0.067333939315988,133253,661.0608
50,E07000110,Maidstone,South East,0.2203835777414645,0.1966200088640062,0.2881348432793013,0.0681963599774089,2.874246230072552,0.6772188554052024,0.4388899483602707,0.0674529408742655,184281,393.3507
51,E07000180,Vale of White Horse,South East,0.218628665583189,0.1930153910608784,0.2881414814159373,0.0686437748637495,4.705567170451661,0.8443546768269911,0.4140980890909145,0.0673924817709291,145795,578.6602
52,E06000025,South Gloucestershire,South West,0.2185482829848012,0.1880461465895329,0.2986361172638155,0.0507076278450849,3.207483244488824,1.0061863307553989,0.403792307992424,0.0673405000081169,300435,536.4217
53,E07000082,Stroud,South West,0.2173151452788748,0.1912973694388018,0.2970964037895961,0.0282789904363547,3.64637904560648,1.0571059180339646,0.3944160589047747,0.0673401743051633,124456,476.173
54,E07000047,West Devon,South West,0.2149737858122976,0.201704344413603,0.2763521321102554,0.0358076076139399,5.365303270298711,1.1347652727945043,0.3554063781980106,0.0672600314571642,58920,1164.7175
55,E06000007,Warrington,North West,0.2147491126111842,0.1693796785943843,0.3186903119904324,0.0258314851781907,3.6688979527898207,0.9708475622273824,0.4359017195479103,0.0674329836458715,213598,182.3834
56,E06000019,"Herefordshire, County of",West Midlands,0.2140872181377732,0.2005723407164427,0.2784891972357409,0.024053688852555,4.570373078244626,0.7194922225528128,0.4197328150370894,0.0674030573947424,190045,2179.7094
57,E07000132,Hinckley and Bosworth,East Midlands,0.2133237989598085,0.1914136544856036,0.287633229215327,0.0256368003087591,3.6653174271727633,0.8243290729408945,0.4165105980653988,0.0674098935981717,115314,297.3514
58,E07000118,Chorley,North West,0.2126775133097617,0.183091552319593,0.2956604260384244,0.0286756673459546,2.8884570878128573,0.9233950619324792,0.4124513715476883,0.0673946653334816,119823,202.9057
59,E07000113,Swale,South East,0.212220988399069,0.1995862499144733,0.2730358628510552,0.0321351830141019,3.6456757552759633,0.6997303555146877,0.4153802329976055,0.0673905953187802,156180,422.0285
60,E07000079,Cotswold,South West,0.2120358250548353,0.20685585984697,0.2703578146825812,0.0046476925831781,5.72799286757876,1.0983723928671456,0.3527071382295749,0.0672424635646483,91511,1164.5242
61,E07000172,Broxtowe,East Midlands,0.2119053121463687,0.1801351420760422,0.2964979873812111,0.0323854615586321,3.4506035480535706,0.8268042965123713,0.4278183014112115,0.0674241595375174,113644,80.0989
62,E07000139,North Kesteven,East Midlands,0.2114726092959554,0.1914561809084093,0.2812060301742147,0.0326210677206487,4.1074510886430255,0.6819796912298663,0.4293670494474521,0.0674702528006701,121115,922.4713
63,E06000051,Shropshire,West Midlands,0.2110194754522389,0.2016208211166732,0.2705197141810873,0.0200117922146742,4.301977154679904,0.708920455377938,0.4108141727962888,0.0673941079679791,329558,3197.2758
64,E06000011,East Riding of Yorkshire,Yorkshire and the Humber,0.2100744334646341,0.185695787948483,0.2831341815332264,0.0397286687710202,4.455854987979626,0.7703938702905541,0.4185547330515146,0.0674183340438293,351237,2495.097
65,E07000140,South Holland,East Midlands,0.2095094125438166,0.1913374794500123,0.2750485845031256,0.0382123901756023,4.352002626525755,0.652706517938945,0.4255425066780309,0.0674644292138007,98312,815.5037
66,E07000105,Ashford,South East,0.2094790173821609,0.1854542763532641,0.2744318834919819,0.0697912580873604,3.056627982231494,0.6831856932548185,0.4197956978731338,0.0674111574074438,139010,580.6172
67,E07000142,West Lindsey,East Midlands,0.2091155041678811,0.2017717345194891,0.2601195411703118,0.0418182044001185,4.578420785744828,0.7419835406626768,0.3922424972615873,0.0673675150328922,98224,1157.6523
68,E08000036,Wakefield,Yorkshire and the Humber,0.2089483431082394,0.1791560848734069,0.2878745001856024,0.0422050059729502,3.5882105910091373,0.6501954107829725,0.4424386456511929,0.0674504410444755,363013,338.6198
69,E07000222,Warwick,West Midlands,0.2085868713539967,0.196344104216951,0.2687359988338103,0.0292041971199713,3.835734384269208,0.990775161580592,0.3662531207965257,0.0672502229551304,153101,282.8822
70,E07000035,Derbyshire Dales,East Midlands,0.2070117445890529,0.1863601746792065,0.2827689515647326,0.0072407662355664,6.461429882509105,1.1306503573823594,0.3643506410835659,0.0672607598729164,71946,795.3178
71,E07000176,Rushcliffe,East Midlands,0.2062231238678134,0.1963277826141257,0.25531478024903,0.0593332046113852,4.583984645903696,0.7068682227793227,0.3907703130102865,0.0673365173186676,124356,409.2317
72,E08000018,Rotherham,Yorkshire and the Humber,0.2060455252023706,0.177163063003836,0.2827716125356028,0.0435534868621152,3.3296743577873302,0.6955531659957007,0.4287339365936554,0.067399935413788,272648,286.5343
73,E07000146,King's Lynn and West Norfolk,East of England,0.2054683535243145,0.2080005354750534,0.2511139293129331,0.0102251406161457,4.820103137540732,0.7910956828937845,0.3725436156346519,0.0672792643347261,156201,1526.9009
74,E07000040,East Devon,South West,0.2050769283059345,0.2088195973917747,0.2417039103765041,0.0398556545944547,3.2533056329854584,0.6988251682100715,0.3738216582646388,0.0672945047478784,156378,822.6756
75,E08000005,Rochdale,North West,0.2046086574375884,0.1820815224124163,0.2725025306494236,0.0456688397161081,2.6893123508133057,0.5966233183176086,0.4295865802046392,0.0673879026021429,231217,158.1283
76,E07000093,Test Valley,South East,0.2039485859429863,0.1850958834087297,0.2707508710755373,0.0310029580840648,4.146855934991365,1.0343350024728175,0.3626062559369667,0.0672542268064466,134336,627.6219
77,E07000045,Teignbridge,South West,0.2039425536720578,0.1955443924776588,0.2579083626279978,0.0300701238202929,4.0596261926719714,0.9234452160912554,0.3618702077400313,0.067244705109207,137363,680.0834
78,E07000136,Boston,East Midlands,0.2038349403163806,0.1905350991539514,0.2673780707414308,0.0161616244283257,3.751558319109749,0.5590437464759437,0.4291698122801914,0.0674683218096525,71126,397.7927
79,E07000193,East Staffordshire,West Midlands,0.2036692714472546,0.1808602186448203,0.2707658478100077,0.0493282300084131,4.45957494580522,0.5896082895629634,0.428301649662933,0.0673836076777705,127909,389.9873
80,E07000121,Lancaster,North West,0.2026637684981646,0.1868533028751229,0.2695444982063373,0.0141931777806824,3.385811775921024,0.7559177297954305,0.4023164658441187,0.0673514777574686,145056,654.027
81,E08000006,Salford,North West,0.2014401753395175,0.1895091184654888,0.2478018287321238,0.0756488461392353,2.7310922441900147,0.6078625132512582,0.3947145447330896,0.0672742773288577,287178,97.1974
82,E07000123,Preston,North West,0.2014060031958641,0.2019079327199677,0.2230645636713542,0.1122621136733852,2.9543247004743645,0.5944099221611511,0.3639212050492766,0.0672158133674811,158317,142.9448
83,E09000016,Havering,London,0.201324670119027,0.176334789485364,0.2674192501993777,0.0618957529659399,2.4066320886221124,0.5360303641997642,0.4304086496624159,0.0672537091840344,270305,114.4573
84,E07000149,South Norfolk,East of England,0.2005073492627954,0.1969997861991707,0.244732752538654,0.0411435514774852,4.574491852480481,0.817792598774289,0.3602101705659376,0.067261899920962,146645,908.9064
85,E08000013,St. Helens,North West,0.1993278602765913,0.1961458682628589,0.2454003894576844,0.0309477036208809,3.650567337165448,0.537938572793704,0.4021122572731425,0.0673139384109951,186929,136.3587
86,E08000029,Solihull,West Midlands,0.1989211790963313,0.191545042053796,0.2519006519454763,0.0238839729124271,3.676236620754631,0.8090379820058591,0.3702247407941531,0.0672048620344018,219710,178.2821
87,E07000109,Gravesham,South East,0.198436216604059,0.1910956803605119,0.2429138103781108,0.0572285227255876,3.14123825369754,0.5180886998817366,0.4019718900949557,0.0673357705074906,109059,104.9586
88,E07000084,Basingstoke and Deane,South East,0.1962604445096325,0.1752916485300098,0.2596888227448126,0.0473909114670259,3.4705921159760904,0.8254324628127554,0.3787883432268676,0.0672861650974922,191048,633.8173
89,E06000057,Northumberland,North East,0.1960530157949779,0.2040930658413473,0.2276111623873137,0.0296201791937872,4.5341578691687126,0.6510536512275857,0.362662019684522,0.067318889162914,327865,5077.4757
90,E08000035,Leeds,Yorkshire and the Humber,0.195646739106567,0.1938180937095722,0.234877842033513,0.0478655543837566,3.025770211054137,0.5979100191792931,0.3791127765436287,0.0672500211481961,833516,551.7068
91,E08000030,Walsall,West Midlands,0.1955785755965819,0.1926030132362607,0.2367177961768514,0.0458995050771098,2.657921868447347,0.4458471098050872,0.4035877825118854,0.0672569658865146,291237,103.9734
92,E08000011,Knowsley,North West,0.1952607418481045,0.2089289257088186,0.2154458760578022,0.0461792857057431,3.5086822107695776,0.6963289259977415,0.3382490079906791,0.0671144170626751,159672,86.5002
93,E06000054,Wiltshire,South West,0.1938338213806464,0.1886240769319229,0.2436354377121324,0.02067607829832,3.931702785383788,0.7789594968796472,0.3643106809624528,0.0672524149191198,519779,3255.338
94,E07000112,Folkestone and Hythe,South East,0.193831186330956,0.1952035455524445,0.233080429847624,0.029972416156841,2.998743785237608,0.5782187689991365,0.3799701794826977,0.0672843403584161,111486,365.4673
95,E07000038,North East Derbyshire,East Midlands,0.1938304456059838,0.1891399934245395,0.2407288807381606,0.0296889659844985,3.750367888777632,0.799285665508723,0.3573138514920433,0.0672248166024823,104862,275.6234
96,E07000179,South Oxfordshire,South East,0.1938133387464646,0.1910768602075513,0.2356183036307856,0.0402758719037477,3.7783098077247863,0.7481798854626176,0.358536699086449,0.0672715795281666,153946,678.5213
97,E07000044,South Hams,South West,0.1937868068866755,0.1852149068045186,0.2435067003171384,0.0377667335756081,4.545714078603869,0.8472773647342035,0.3542498174098751,0.0672520846730194,90937,905.2009
98,E07000198,Staffordshire Moorlands,West Midlands,0.1937682280886427,0.2005552322250599,0.2321393870553388,0.0063485715397717,4.643098797731412,0.6069691975611574,0.3740734294876,0.0672332090539637,96095,575.8498
99,E08000033,Calderdale,Yorkshire and the Humber,0.1935795212111146,0.1857459195929373,0.2466313114427475,0.0205403683754698,3.13367717207907,0.5577721032214724,0.4008716003576143,0.0673169892934519,209334,363.9608
100,E07000214,Surrey Heath,South East,0.1929019609260462,0.1847834302010101,0.2370721316324867,0.0568139317254643,3.432119759322034,0.9035097374749887,0.3366671875616038,0.0671443266313694,93220,95.093
101,E06000042,Milton Keynes,South East,0.192255484358033,0.1787546153255702,0.2379392915767153,0.0770246006456174,3.1416746949758974,0.5914046957368541,0.3840402373003312,0.0672506310466923,300173,308.6267
102,E08000002,Bury,North West,0.1911550203046118,0.1931987787749158,0.2300212045344181,0.025471491033866,2.764535416573895,0.6223583761877987,0.3688153039410041,0.0672055281271863,196719,99.4601
103,E07000085,East Hampshire,South East,0.1902785866678416,0.2032922953039231,0.2125012652381105,0.0363193292063583,3.922077270471907,0.8075527266557957,0.3181623920651766,0.0670986891275875,128945,514.4322
104,E07000211,Reigate and Banstead,South East,0.1901380744994545,0.1825804136491666,0.2334665136428484,0.0546126221773185,2.888189975002713,0.6988076074859526,0.3621172949814809,0.0671946069362899,156657,129.1439
105,E07000126,South Ribble,North West,0.1901340558474565,0.1883139300267805,0.2293305599127776,0.0424486686895521,3.30246882103776,0.6873874121058833,0.3585093751476747,0.0672061223983379,113957,114.6149
106,E07000067,Braintree,East of England,0.1892968299738298,0.1836414315416729,0.2303262576688198,0.053456111354654,3.766255037328498,0.6913258189302964,0.3592202887235259,0.067204797727891,160494,611.7079
107,E07000210,Mole Valley,South East,0.1887687533830456,0.1598917874802063,0.2670082736737173,0.0201955017345552,3.8961365069977063,0.971027233317714,0.3667137760758199,0.0672349918657163,88529,258.3211
108,E06000047,County Durham,North East,0.1887224704069686,0.1935871174073351,0.2210416246984063,0.0351226182393852,3.393112304389351,0.5770491183757166,0.3647512618573161,0.067310447232158,533997,2232.6115
109,E07000209,Guildford,South East,0.1879986220192119,0.1951985404851079,0.2114684771547069,0.0581196091477521,4.19842523325553,0.8481823804903191,0.3105222757651903,0.0670571192273154,149094,270.9311
110,E07000080,Forest of Dean,South West,0.1876750247809325,0.1850746519630293,0.2283966021653643,0.0377905793327215,3.941234980269512,0.6850709618262028,0.3578220934659928,0.0672252639922063,89050,561.4324
111,E07000124,Ribble Valley,North West,0.1874806411827083,0.2090299779101032,0.189791990315152,0.0704885610159589,4.892378410235417,0.6413207853440624,0.3127233735286571,0.0671002828273011,64736,584.4714
112,E07000137,East Lindsey,East Midlands,0.1873381264985054,0.2085408845536042,0.2038395361727163,0.0153186975261677,4.433217700740148,0.6604373647404248,0.3293137529080931,0.0672100078019657,144971,1830.8572
113,E07000036,Erewash,East Midlands,0.1869648849034997,0.163860681142533,0.2549716747034142,0.0304587445086748,3.1339202571481133,0.6944488844873203,0.3920405309234712,0.0673283484723213,114156,109.6301
114,E06000004,Stockton-on-Tees,North East,0.1858578557358285,0.2203438538260748,0.1780651843288751,0.044598550912411,4.366844691963409,0.5194452142883337,0.3148123595474203,0.0670691965661853,203768,209.7309
115,E09000010,Enfield,London,0.185777156286017,0.1724006328803029,0.2463369790635953,0.0104204822042736,2.4270406312169603,0.4361257004977483,0.4171378612825696,0.0672208371116192,328014,82.2002
116,E08000034,Kirklees,Yorkshire and the Humber,0.1850530214124008,0.180373637530928,0.2282615522994038,0.0356158172717522,2.911809711401818,0.4682842901185343,0.3893697885100869,0.0672592174918235,443745,408.5516
117,E07000070,Chelmsford,East of England,0.1846099486578252,0.1835379109198678,0.2216263716302003,0.0419044454581119,3.721176019773192,0.6921546786017193,0.3473121617858867,0.0671568924778645,186060,342.9972
118,E08000016,Barnsley,Yorkshire and the Humber,0.1845059825066552,0.1800655690102891,0.2289406819358007,0.0289692522719037,3.577198832382076,0.5909457925418075,0.3722458441466676,0.0672342855206774,249144,329.0776
119,E06000052,Cornwall,South West,0.1824450459927125,0.1930454457188759,0.2099174757736465,0.0195533282381593,3.648024995548697,0.6198879979379022,0.342927606751461,0.0671942949424101,579381,3612.0597
120,E07000108,Dover,South East,0.1823213663012753,0.190664562746996,0.2090275614981298,0.0337806032852535,3.3715718268746686,0.4607452093964335,0.3651990793570854,0.0672332479145343,118781,320.7812
121,E07000091,New Forest,South East,0.1823132847537245,0.2029239234408009,0.2012295182590962,0.003595157296856,4.450761172008377,0.8310257418940903,0.2995164097704774,0.0670391313510142,175724,776.2857
122,E06000055,Bedford,East of England,0.1819597707031912,0.1888502970616535,0.2032031308360516,0.0625336983794379,3.376215575487407,0.5019879331007636,0.3511962792009413,0.0671871544405141,191575,476.4082
123,E06000040,Windsor and Maidenhead,South East,0.1819322897226038,0.1820230616695918,0.2172241700187952,0.0403109088028978,3.3870362101810736,0.737164376957593,0.3348160186069185,0.0671311201735456,157174,198.4272
124,E07000170,Ashfield,East Midlands,0.1816739396331617,0.1778084024805377,0.2241982349325537,0.0309044441987139,3.3626877897531315,0.5769713355953464,0.368255691714591,0.0672494385373564,128449,109.5581
125,E07000228,Mid Sussex,South East,0.181632539274797,0.2018857556278307,0.1861689578679243,0.0622207831371199,3.3606671612082577,0.5626787907169258,0.3191091522404206,0.0670713422103057,158410,334.0294
126,E07000128,Wyre,North West,0.1816060817670792,0.1697173145274445,0.2298713155676939,0.0479889827627943,3.491525585122227,0.5928698823099334,0.3733135536733834,0.0672479362907528,116832,328.7715
127,E08000028,Sandwell,West Midlands,0.1812507888110771,0.1770002954093669,0.2229922581869378,0.0355373783161852,2.7953528026892758,0.4662545604018684,0.3821962988758065,0.0671974486616008,349834,85.5589
128,E06000030,Swindon,South West,0.1808335054273025,0.1889707008298307,0.202748897992415,0.052485958154211,3.066240528873773,0.595106219628602,0.336237106857733,0.0670983409536982,240218,230.0933
129,E07000071,Colchester,East of England,0.1805014615500179,0.1809649997136363,0.2096936787911827,0.0614149017672674,3.168094651208835,0.5457849180010478,0.3529505576246109,0.0671529120714733,198497,346.7732
130,E07000089,Hart,South East,0.180115922501854,0.1771989482256361,0.2190125979358343,0.0391140921470211,3.11052355443038,0.7128839401691409,0.3410661775466712,0.0671721518890465,102305,215.265
131,E07000043,North Devon,South West,0.179866107306357,0.1936502438755018,0.2064575774597552,0.0045795438470406,3.858604622109195,0.663230958324767,0.3317414867567143,0.0671529064279554,100664,1104.7204
132,E07000130,Charnwood,East Midlands,0.1798599440516164,0.1891483806480471,0.2051759798827444,0.0321536177449504,3.5277566454356526,0.59202740776691,0.3407911732085594,0.0671936711487285,187179,279.0426
133,E07000244,East Suffolk,East of England,0.1792568315342961,0.1877411883766215,0.2094191932533135,0.0161856004465999,3.7595199732777433,0.5345519057310014,0.3547136891542748,0.0672022845394638,248482,1294.7661
134,E07000065,Wealden,South East,0.1791082218145366,0.2027075059646243,0.1863290720629347,0.0322284000705056,3.647341927205343,0.6803848103677567,0.3020981271434208,0.0670534295177443,164861,836.1906
135,E06000031,Peterborough,East of England,0.1781303802469879,0.1673725926205161,0.2249887626192454,0.0444857888903172,3.695686700478572,0.62241394164353,0.3619525180593277,0.0671742271519094,221283,343.4379
136,E08000024,Sunderland,North East,0.1775962456565137,0.2354992516165478,0.1346812066776161,0.0597413717719339,3.647168341413792,0.4397689960208016,0.2686623476970416,0.0669402671417488,283606,139.618
137,E07000010,Fenland,East of England,0.1774675492021316,0.1731227904281852,0.2223578289463319,0.0196302240950623,4.685056810260366,0.5963798193140821,0.3625923190726361,0.0672033123971114,103700,547.3554
138,E07000219,Nuneaton and Bedworth,West Midlands,0.1764846741941761,0.1919661842610554,0.1852529142899461,0.0640041634766996,2.71223797259503,0.4652376000744747,0.3319183692020406,0.0670607090968246,138588,78.9504
139,E06000039,Slough,South East,0.1763805245705759,0.1944871448336801,0.1782846125791786,0.0782310712206445,3.408302514328413,0.3437315567583702,0.3413368668290652,0.0671493532011379,163940,32.5419
140,E07000133,Melton,East Midlands,0.1757088782900752,0.1839219327098765,0.1974803508433259,0.0475577159780659,4.749740545608076,0.7099104014622911,0.3127796180577053,0.0670994470386425,53291,481.3806
141,E06000053,Isles of Scilly,South West,0.1756519638966573,0.1419301839616225,0.2322117071920374,0.1180218903903116,2.4850584997944924,0.0575763467449243,0.456148658334382,0.0674778842160543,2433,22.8495
142,E07000046,Torridge,South West,0.1756419200010728,0.1960117281234119,0.1876599913904443,0.0257205938318911,3.677881931809326,0.6278644788678532,0.3119746568213257,0.0671077470193581,69291,995.2034
143,E07000213,Spelthorne,South East,0.1744549441948772,0.1775304087197209,0.2062466002161287,0.0319109974856533,2.6028740978307514,0.5604197582551442,0.3462995292514115,0.0671477630210872,104875,51.1613
144,E08000001,Bolton,North West,0.1743142198582249,0.1996923939302945,0.1722654662691194,0.0556183638542987,2.858719106815021,0.5148219404832178,0.3071854905612807,0.0669934949171627,305575,139.7923
145,E06000005,Darlington,North East,0.1742057615948685,0.1843447212445998,0.1951542363388213,0.0397170643704013,3.6434904279468103,0.551177279746341,0.3333146405935053,0.0671573769994161,110925,197.4758
146,E06000006,Halton,North West,0.1734703892892505,0.1676082943892749,0.2188033387254432,0.021449066044357,3.743111786400172,0.5616767737021733,0.3625808777518429,0.0671618344887672,130384,90.3215
147,E07000245,West Suffolk,East of England,0.1733841622134794,0.0932302056572429,0.3016742437433539,0.0609936188751642,4.677587034840416,0.7508489742986937,0.4460364750440125,0.0674735208051883,186077,1034.6756
148,E06000020,Telford and Wrekin,West Midlands,0.1731231870537655,0.1850165843605466,0.1881151931667616,0.0536881760678754,3.553464406528529,0.5520952960905784,0.3229681125403575,0.0670510324325888,192417,290.3137
149,E07000225,Chichester,South East,0.1725487627985229,0.1874908773795899,0.1889887391630859,0.0320782844349362,4.392764190199154,0.7328637514513611,0.2979405940786925,0.0670516692836612,127540,812.4149
150,E06000059,Dorset,South West,0.1719518376460394,0.1828600188263727,0.1961901935960532,0.0204575079443177,3.900362668544171,0.6717505034208677,0.3165650304039572,0.067093265530328,386151,2521.075
151,E07000181,West Oxfordshire,South East,0.1716998969733771,0.1930448650931647,0.174290245309722,0.0546136630290597,3.872813559272276,0.546240734026821,0.3062426254461521,0.0670908410393286,119221,714.422
152,E07000147,North Norfolk,East of England,0.1716308282738791,0.1967863006512739,0.182360275161583,0.0029356788360899,4.468110752836949,0.618597043411483,0.3064858187750688,0.0671136144263014,103280,989.9914
153,E07000192,Cannock Chase,West Midlands,0.1714899428705301,0.1875717287918913,0.1795979440959066,0.0586490083622177,2.6602210474976493,0.3551086299474072,0.3408330741164229,0.0670929602994272,103163,78.8825
154,E06000021,Stoke-on-Trent,West Midlands,0.1714394565426767,0.1986205378879752,0.1655163004951064,0.0592266740064657,3.725518197688679,0.396742036522198,0.3149156899327957,0.0669344338309175,265822,93.4485
155,E07000076,Tendring,East of England,0.1713721124144759,0.1889473724051625,0.1785720302092582,0.0546961412819136,3.306292897862249,0.5362584639000169,0.3126685756948811,0.0670323370087421,154321,366.1574
156,E06000041,Wokingham,South East,0.1701295713430067,0.172328422738736,0.1966351294005809,0.0531130821340633,2.6279237284691783,0.5830785412066145,0.3303290383524653,0.0671281434523523,184561,178.9655
157,E08000037,Gateshead,North East,0.1700426132165386,0.1938571851053203,0.1753161986808747,0.0298754119152853,4.049546072154619,0.6550314253575669,0.2908631617472542,0.0669944741086375,200597,144.0797
158,E07000207,Elmbridge,South East,0.1697389647868756,0.1823491505912224,0.1923985665941433,0.0160496285360708,3.450393287577996,0.6216738254972803,0.3182636585988703,0.0670310612946229,141193,96.3343
159,E09000017,Hillingdon,London,0.1697144808090636,0.2019648407150052,0.148487737877669,0.0933696530049332,3.540707675930268,0.5343293973993695,0.2702464961300099,0.06667290862168,321977,115.7002
160,E08000010,Wigan,North West,0.1696793049054244,0.1807575122194282,0.1859777460779297,0.0490945036453839,2.743644900693105,0.4213857164927245,0.3394596921431508,0.0670857848975925,340208,188.1711
161,E07000086,Eastleigh,South East,0.1690911818765197,0.1698829458344824,0.2003795391927509,0.039978932821781,2.386170975219331,0.5802041978047451,0.3356683278315444,0.0671337221706303,140997,85.2798
162,E07000144,Broadland,East of England,0.1690732423844845,0.1868897446109774,0.1771006470671824,0.0478811125212282,3.597822211762024,0.5588304208274112,0.3080694214616174,0.0670904523182486,135997,553.2444
163,E07000120,Hyndburn,North West,0.168838433320574,0.1842790573281889,0.1797386777049306,0.0480343357450722,3.313793828312507,0.5459105663483489,0.3129564479672847,0.067049200786624,84747,72.9975
164,E07000125,Rossendale,North West,0.1687972593470547,0.1988031340264321,0.1662177860382259,0.0290857791854828,4.043708829743476,0.570530355570273,0.2905709027648121,0.0669246610835413,71962,138.0412
165,E07000127,West Lancashire,North West,0.1687682558894304,0.1704445120352996,0.2041644427647504,0.0188022276588049,4.158502837271237,0.5789021841882269,0.3410978364540448,0.067165819274766,120157,381.3803
166,E06000032,Luton,East of England,0.1686603764802213,0.207614962943896,0.1422498411066129,0.0795295856562817,2.240195671961137,0.2681033734650108,0.3032663722340326,0.0669316556506926,233640,43.3525
167,E07000096,Dacorum,East of England,0.1686114602728674,0.1684730012609135,0.1992765337387783,0.046643461468993,3.1554716864016026,0.5443965508228965,0.3392611087607802,0.067118003196548,158754,212.4766
168,E07000063,Lewes,South East,0.1680650032562191,0.1926785495318325,0.1725902695531987,0.0268962066902341,3.17929528955268,0.5343518658319675,0.3051982064940254,0.0670352720632454,101605,294.4128
169,E07000099,North Hertfordshire,East of England,0.1679254762391547,0.1777126410545619,0.1893948627189418,0.0331121062429705,3.427665519285167,0.6521081228934323,0.3101948252078159,0.0670552199315773,135752,375.3821
170,E07000119,Fylde,North West,0.167884233725984,0.1843686002066267,0.1788804290708391,0.0414776199433506,3.63358655923287,0.6574554644584752,0.2955942080256691,0.0670393506824101,84210,182.6287
171,E07000106,Canterbury,South East,0.1678061430987582,0.1903810138655575,0.1717027195817055,0.0393454833329729,3.0315166225423757,0.4537872365342959,0.3162022822970932,0.0670847344392009,160826,318.5781
172,E06000002,Middlesbrough,North East,0.1673315449848075,0.1959719288498931,0.1519877417212013,0.0855048387138041,3.4742362050455937,0.6344025857003373,0.262261265857736,0.0668681386725061,153639,54.5537
173,E07000242,East Hertfordshire,East of England,0.1658837065020112,0.1891806535727478,0.168116627412678,0.0404672875056607,3.613100808722717,0.5925513478813778,0.2905334070010174,0.0669928673009728,153897,475.6695
174,E07000064,Rother,South East,0.1656261152534323,0.1797961837507893,0.1832910395017443,0.0241160757733991,4.090977235978925,0.6291611131826004,0.3055980497360244,0.0670567844625774,95089,517.1234
175,E07000227,Horsham,South East,0.1654100435772804,0.1849801223518868,0.1775247601196395,0.0191007835348127,3.4949561007539685,0.5972171217728042,0.3029395952558351,0.0670780549150503,149741,530.9624
176,E07000226,Crawley,South East,0.1651928036405248,0.1873586794399522,0.1620988010187087,0.0667394351306528,3.0607415358852066,0.4445820336095644,0.3046201971396278,0.0670416881536398,122655,44.9711
177,E07000087,Fareham,South East,0.1648411964692639,0.1834065274294668,0.1818733300951107,0.0038860071648628,2.593845645718617,0.5724212191484079,0.311777293919234,0.067037589544436,114776,77.8967
178,E09000033,Westminster,London,0.1646359941704136,0.2031055879387684,0.1529840861882483,0.0188956572573006,7.161744826601477,0.3259451417953227,0.3125689838215759,0.0673038982483768,210665,22.0301
179,E07000037,High Peak,East Midlands,0.1642407306770245,0.1707718939944177,0.1922747983746458,0.0194486432995741,6.5293259199145535,0.5996122091214557,0.322094306199149,0.0671108281646595,91752,540.2541
180,E07000216,Waverley,South East,0.1626615959429614,0.193930987975093,0.150443554773556,0.0551868004599249,3.625412368251361,0.6070923454425763,0.2644260922105916,0.0668899859092007,132749,345.1703
181,E06000001,Hartlepool,North East,0.1621106891253174,0.1799922099823333,0.1662444806159796,0.0561679188775891,3.774771341112339,0.4814961470410633,0.3046910816809516,0.0670442731979946,95942,98.3466
182,E07000073,Harlow,East of England,0.1619939162068129,0.1806601238172679,0.1635802271824774,0.0623176342518795,2.888949682782151,0.3895147622754999,0.3144031400792615,0.0670302158931832,96429,30.5379
183,E09000020,Kensington and Chelsea,London,0.1617390122769263,0.2001292382424001,0.1533590468706489,0.0033077440746666,4.530217636407075,0.2833048081831057,0.3152666044399894,0.066907654179713,146499,12.3837
184,E07000116,Tunbridge Wells,South East,0.1615825910385249,0.1838588002539135,0.1646952289287832,0.0377509934005481,3.314230679703756,0.4662719658712158,0.3050297452797559,0.0670591300269486,117741,331.3287
185,E07000241,Welwyn Hatfield,East of England,0.1613174687967542,0.1672056715521864,0.1858943040955204,0.0335691138245286,3.336566989898741,0.6026807749637627,0.3128516249996976,0.0670603918902878,121668,129.5368
186,E07000224,Arun,South East,0.1610763000172417,0.1988911436835823,0.1459781848635485,0.0323945423003113,2.726158973938442,0.3913375821138962,0.2906205323512263,0.0669664510279862,168102,224.7032
187,E09000002,Barking and Dagenham,London,0.1604154788194344,0.1809648141976088,0.154928070429921,0.0796184354866159,1.95408441166853,0.2277885664708976,0.3245975590561126,0.0668331012459462,226301,37.7992
188,E06000012,North East Lincolnshire,Yorkshire and the Humber,0.1598821688098283,0.1814991800832493,0.1689699466815938,0.0154460009556613,4.643733465262852,0.4591840765042031,0.3109397032768747,0.0669918473387891,158663,202.6626
189,E09000011,Greenwich,London,0.1573139832230359,0.2011998358522607,0.1315295841066373,0.0410223165425054,2.5068632968321976,0.3088948995114623,0.2809997847508257,0.0666890781754724,296420,50.4418
190,E09000025,Newham,London,0.1567225318362013,0.1828490551205224,0.1406673304499161,0.0903107209597374,2.3870084768926163,0.1915218817209065,0.3113837832285246,0.0668404632964936,368194,38.5781
191,E07000032,Amber Valley,East Midlands,0.1565268534561256,0.153516584990048,0.1913739260823551,0.0321899052815959,4.164568059131829,0.6004286487024525,0.3206708949206842,0.0670974124904029,128408,265.4379
192,E08000019,Sheffield,Yorkshire and the Humber,0.1565074090945011,0.1853189435581999,0.1470289941688042,0.0503633964787945,2.8529336124454034,0.3607444279670949,0.2962318911083055,0.0669481029984343,575586,367.9302
193,E07000092,Rushmoor,South East,0.1563553607957709,0.1901097125242213,0.1365837205609158,0.0666701630929394,2.733889483405721,0.4104843423140038,0.2746158423604032,0.0668643660730795,103379,39.045
194,E08000007,Stockport,North West,0.156211332927196,0.1967301749287844,0.1372761842935901,0.0293577174536775,2.9670467162383543,0.456622338124297,0.2688080754988276,0.0668615044353617,300326,126.0402
195,E07000095,Broxbourne,East of England,0.1560247014868284,0.1867867809187264,0.1431111380158694,0.053868558211174,2.761093243649935,0.3973941315492832,0.2851727994049025,0.0668820527367605,100747,51.4422
196,E08000026,Coventry,West Midlands,0.1557470597096131,0.1885210785350897,0.1372199788754106,0.0659852889190405,2.8228289466127388,0.3864962425133057,0.278602029403869,0.0668330094148808,359243,98.639
197,E08000008,Tameside,North West,0.1556929931367107,0.1799480460981428,0.1553117248776653,0.0359428013657322,2.5738676664591646,0.3738594076186185,0.3054846458159505,0.066986559678749,236142,103.1543
198,E08000023,South Tyneside,North East,0.1554263908969617,0.2079179426716751,0.1230029271939045,0.0226624868356237,2.7555583489049056,0.3714545131370324,0.262817727870466,0.0668849051362286,150124,67.0742
199,E08000027,Dudley,West Midlands,0.1553548094404082,0.1888043481753907,0.1457916695065728,0.026359675500837,2.7463279405030563,0.3899894009486109,0.2896626003510132,0.0668753925110491,328353,97.9584
200,E07000090,Havant,South East,0.1553439448731947,0.186951540184796,0.1473299373608632,0.0293619983645147,2.4839665855423405,0.4062486427763995,0.2898667097272929,0.0669312198946203,126037,78.9463
201,E07000074,Maldon,East of England,0.1551007269315933,0.172466265394612,0.1636498339322388,0.0340766066139178,3.436040522997076,0.471197763310883,0.3028602000802592,0.0670493774952115,68400,428.0597
202,E09000030,Tower Hamlets,London,0.1549163442881219,0.1822977707049884,0.1496794174727207,0.038956919465394,2.9191178190725613,0.2142730685630908,0.3197258129749323,0.0668325423868886,329143,21.575
203,E06000014,York,Yorkshire and the Humber,0.1548060081200145,0.1789428006395829,0.1560919714085569,0.0289781923680024,3.209257138454916,0.4402387076849487,0.2973585667692773,0.0670334807184451,206746,272.0148
204,E07000066,Basildon,East of England,0.1541785234059955,0.1799120156000048,0.1514057646921393,0.0366020972913732,3.1423165973158222,0.4905632716443537,0.2829568025246423,0.0669310120307408,191120,110.4459
205,E07000239,Wyre Forest,West Midlands,0.1529675233598781,0.1888392387853102,0.1404500360513431,0.0236788954668572,3.191436163653285,0.4409091066843779,0.2755632217099893,0.0668969683843391,103151,195.4038
206,E09000013,Hammersmith and Fulham,London,0.150978976455697,0.1861193082698161,0.1381782620081603,0.0264801751752479,2.969346784535868,0.216841865748818,0.3046532044574415,0.0668575113832167,187479,17.1541
207,E07000202,Ipswich,East of England,0.1509453414462258,0.1847270907881703,0.1455699942427602,0.003537983550366,2.267911911611002,0.2609087464417321,0.3091403279979282,0.0669833033332199,139497,40.3002
208,E09000003,Barnet,London,0.1504686659009557,0.1843220264129604,0.1308972922299833,0.0594873580248219,2.4876088855498995,0.3030401959356709,0.281317467486066,0.0667182792514485,398191,86.7483
209,E06000022,Bath and North East Somerset,South West,0.150224358721731,0.180878604738255,0.1388394617940674,0.0424927163497654,2.847233768576242,0.4209934835091573,0.2766889277153581,0.0669305825565178,198264,351.1235
210,E08000025,Birmingham,West Midlands,0.150174574040707,0.1925143305270366,0.1240816179519653,0.0428476159640261,2.8745435535626087,0.3727274782065626,0.2631213323281935,0.0667934809065334,1170238,267.7912
211,E09000031,Waltham Forest,London,0.1499193669019597,0.1892575869832801,0.13107018266387,0.0286250034477169,2.005630235445556,0.2085907136382128,0.2955496682594821,0.0667517001702566,278506,38.8078
212,E08000021,Newcastle upon Tyne,North East,0.1498050692676167,0.1976873499281064,0.1063748724353152,0.0841144532943742,3.2444523052640646,0.409678807701952,0.2348886370196017,0.0668068590705573,313522,115.1178
213,E06000035,Medway,South East,0.1497219608534436,0.1604868582160762,0.1599039157879786,0.0551696543021406,2.3108512558098355,0.3320059420854511,0.3180277309511275,0.067038019461762,288003,269.0637
214,E08000031,Wolverhampton,West Midlands,0.1495985573125559,0.1927067356506124,0.1149970777844925,0.072463583734527,2.8519388702326918,0.309904240127535,0.2601659747046496,0.0667693761356758,275601,69.4365
215,E07000117,Burnley,North West,0.149309061123007,0.1799428158139406,0.1364913798769634,0.0474110126525128,3.079861198049782,0.4460798293734467,0.2697054016142288,0.066900630104696,97425,110.684
216,E07000223,Adur,South East,0.1491722523152356,0.1779755566458636,0.149635791298339,0.0033015747296816,2.835750634878184,0.4070827479656669,0.2926329370677818,0.0669201789001907,64688,43.6479
217,E06000008,Blackburn with Darwen,North West,0.1491522549630889,0.1848294958650261,0.1279667228763772,0.0555081788002493,2.762332009680317,0.3033656366313563,0.2793524593174595,0.0669074227367775,159189,137.0221
218,E08000003,Manchester,North West,0.1490991684175712,0.1972664767955071,0.1102512102869167,0.0636544590505101,2.844317029604233,0.3483812081433526,0.248976377794313,0.0668243531232559,581302,115.6483
219,E07000122,Pendle,North West,0.1489607415398519,0.1874009608918704,0.1275965387594535,0.0422164559013533,3.029229363584352,0.4327725187108803,0.2598109450185321,0.0668747866675803,97881,169.3801
220,E08000004,Oldham,North West,0.1488394157830836,0.1909847126097999,0.1240181641193643,0.0373979383043789,2.536446675318286,0.3225665926880591,0.271033868314271,0.0668668103859288,247969,142.345
221,E07000075,Rochford,East of England,0.1486967853012616,0.1906025566374499,0.122532152028406,0.043826461711742,2.7036008591915084,0.3816152588388918,0.2601744307166417,0.0668288706480643,88560,263.063
222,E08000009,Trafford,North West,0.1479449257877656,0.1810625674574139,0.1378367570431022,0.0227893924181779,4.1699414231136185,0.4829605194420333,0.2656234347015525,0.0668514633674135,238976,106.0447
223,E08000032,Bradford,Yorkshire and the Humber,0.1478800848725293,0.1949822033049075,0.1158108586791047,0.0406463974843363,2.973420066880593,0.3214284064278296,0.2600647731956539,0.0668203008405871,559071,366.4198
224,E06000044,Portsmouth,South East,0.1477672311908081,0.1706881467236245,0.1405546419288492,0.062013010574562,2.601260273469922,0.3968403036138229,0.28245292258067,0.0669343644103184,213976,60.1359
225,E09000009,Ealing,London,0.1474769375912232,0.1782910732201272,0.1280101220636774,0.0712735215568862,2.547778008533688,0.2647677413793763,0.2827240117257081,0.0666801807371669,379203,55.5447
226,E08000022,North Tyneside,North East,0.1472688578298451,0.2041528916947907,0.1061724832411797,0.0272341868597785,3.3682376000329093,0.4334089499427116,0.2311103985160483,0.0667988801181895,212705,84.8234
227,E07000145,Great Yarmouth,East of England,0.1465194683848102,0.1904661113029052,0.1251586092574255,0.0122296903038741,3.0255359493857834,0.3574494221578173,0.267973560715053,0.066917518941207,100209,182.4207
228,E07000199,Tamworth,West Midlands,0.146371821464426,0.1815867153189184,0.130353961120593,0.0343687935672955,2.530322898046807,0.2807943446124574,0.2853768729035306,0.0668727885668369,80586,30.8507
229,E09000004,Bexley,London,0.1459684151897079,0.1837238029677002,0.1225403554969131,0.0509037150709257,2.6525552426663075,0.2756723708362444,0.2738601674430992,0.0666626803664113,252124,64.2865
230,E07000243,Stevenage,East of England,0.1459054384048641,0.1810547763499753,0.1307593719712478,0.0307430144137732,3.116630253502932,0.4197295261512568,0.2656525401948947,0.0668589880072832,90567,25.9692
231,E06000010,"Kingston upon Hull, City of",Yorkshire and the Humber,0.1456426310563066,0.1650120211527031,0.1459612523066699,0.0475211955728709,3.15282624613193,0.350223533420876,0.295833073852254,0.0668947133002137,273069,81.4974
232,E06000026,Plymouth,South West,0.1451000329926054,0.1945782169645041,0.1109296219777086,0.0343907571926988,2.8129779569667965,0.427852848915007,0.2371958487362553,0.0667086134129335,270605,84.3699
233,E09000012,Hackney,London,0.1450095484835331,0.1919889615165045,0.1123380712917403,0.0407983920858465,1.9714019606760835,0.1431332539238956,0.2815700373645202,0.0668411197309917,265411,19.0492
234,E06000045,Southampton,South East,0.1449706912719928,0.1866704939909233,0.1137536507624335,0.0613398397155774,2.4039195794698256,0.2771655075915782,0.2634655617262194,0.0667870167579359,257387,56.3853
235,E07000217,Woking,South East,0.1445593181679476,0.1708710772521094,0.1433948272034727,0.0176584866050384,2.8363853503279297,0.3661881501845451,0.2904113368160749,0.0669172653936666,105053,63.6034
236,E09000026,Redbridge,London,0.1442742647969423,0.1734772607376704,0.1321014624215466,0.0469504945948849,1.9853338208974085,0.2636047667732877,0.2885560906075253,0.0667147135746187,316556,56.4421
237,E07000034,Chesterfield,East Midlands,0.1441911501676221,0.1599106365505946,0.1523941861483548,0.0327815743298292,3.263175420422502,0.4874447834355177,0.2849574626841976,0.066957444845947,105325,66.0352
238,E08000015,Wirral,North West,0.1436212089471951,0.1891461634784251,0.1159274042058787,0.026771655256311,2.733662501773741,0.3886951292468584,0.2505775735574387,0.0668302345438608,325583,253.246
239,E06000043,Brighton and Hove,South East,0.1432701234204994,0.1842216655268798,0.1195262456560096,0.0334879239465569,2.495950334728867,0.3191039529827245,0.2655943941763616,0.0668566437655378,281135,85.386
240,E09000007,Camden,London,0.1431929736037148,0.191073361998333,0.11874110185915,0.0015985186088836,4.171007446249454,0.1930712315402706,0.2840034309440459,0.0669750546207076,217235,21.7895
241,E06000036,Bracknell Forest,South East,0.1429444702650534,0.1725565451504369,0.1303450681253808,0.0452817043968265,2.770523222612104,0.3679783342154446,0.2727427040483343,0.0668726694385814,129099,109.3843
242,E06000023,"Bristol, City of",South West,0.1426668003829255,0.1735151592232417,0.1293453755935863,0.0417107053387011,2.5405208997380626,0.3628186614550801,0.2719457711011663,0.0668482333789369,486376,235.4248
243,E08000014,Sefton,North West,0.1425221497303261,0.1729377007341559,0.1336053753294604,0.0261114923146403,2.982069569149161,0.298762259312381,0.2873955592908427,0.0669121177352513,283720,202.7557
244,E06000018,Nottingham,East Midlands,0.142098908468583,0.1911462777212552,0.1149186185070171,0.0055832220514852,3.147653305801593,0.4083557194371444,0.2461702120279953,0.0668052546972061,327186,74.6132
245,E06000015,Derby,East Midlands,0.1417769960624346,0.1880373008030188,0.1037177563053232,0.0627124313879591,3.5548521077350013,0.535930483691941,0.2116930474358893,0.0666604267004219,269903,78.0311
246,E09000019,Islington,London,0.1416141961088003,0.1807007236124667,0.1194982061527972,0.0346455184144803,2.530942253947907,0.1478757070886522,0.2917360280695764,0.0669956114784479,222333,14.8565
247,E07000114,Thanet,South East,0.1411491343470297,0.1851780178653858,0.1195535447830689,0.007387075011092,3.061679569114279,0.3049761182353127,0.267888985667358,0.0668780274246607,141049,112.4641
248,E07000178,Oxford,South East,0.140985885460567,0.1750638619748055,0.1229791628282054,0.042622893418821,3.126076411536439,0.2255171771075328,0.2849103418816661,0.066984548475669,165441,45.6027
249,E09000018,Hounslow,London,0.1399175719504365,0.1794815827013115,0.1099751591964843,0.0618671692118695,2.646841115848805,0.3842847854903192,0.2408016880042332,0.0665625550101278,295221,56.5855
250,E09000022,Lambeth,London,0.139913428387251,0.1876076691979805,0.1127475807746358,0.0101056147840642,2.3851480534859357,0.2037874889021554,0.2735722788320161,0.0668661864225416,318738,27.2494
251,E08000012,Liverpool,North West,0.1397254170598796,0.1895868282819925,0.0980097012714215,0.0572812241031472,2.935251524047328,0.3329145460014757,0.2341979186920116,0.066713891124944,503216,133.534
252,E09000028,Southwark,London,0.1389214926504247,0.1774316151777117,0.1155348652999976,0.0399173894156978,2.5585948285244906,0.2020942166293435,0.2775691230133323,0.0668790355907496,313485,29.9133
253,E07000138,Lincoln,East Midlands,0.1387876762397314,0.1873949690162503,0.1048278053894534,0.0315906957582487,2.636506374887152,0.2218821875825653,0.2619082032445924,0.0669912198160462,104122,35.6902
254,E07000081,Gloucester,South West,0.1385277993100912,0.1893277981325766,0.0951550177896228,0.0580189312795384,2.763082873971035,0.2790601815905987,0.2383655951474496,0.0667221038743361,136302,40.8266
255,E07000237,Worcester,West Midlands,0.1384167523105561,0.1925492450842864,0.0966257000414853,0.0349184975181875,2.676629150631386,0.3143605582157507,0.2353347249187534,0.066738875626685,105403,33.2782
256,E09000032,Wandsworth,London,0.1382155555134754,0.1866188259177174,0.1045998174638206,0.0306621556908845,2.1665452847489517,0.1741663931012175,0.2655619113015975,0.0666954785978162,333859,35.2203
257,E09000021,Kingston upon Thames,London,0.1368413185040752,0.1846183766947171,0.1038482322580886,0.0299283725348119,2.9057822086953977,0.4142338192185542,0.2275449610797325,0.066466898182697,170780,37.2612
258,E07000041,Exeter,South West,0.1364783955385145,0.1649978701587409,0.1280469070890035,0.0276069762354266,2.420796830046865,0.2625918245113252,0.285435410030169,0.0669150213275367,135708,47.8884
259,E07000069,Castle Point,East of England,0.1363650509954095,0.1850326969938553,0.1066365941244404,0.0119406484870569,2.6761245517306413,0.3864257437542345,0.2380164790381731,0.0667489970972922,90140,63.6984
260,E09000005,Brent,London,0.1358429072207621,0.1805499640886761,0.0981677750721772,0.0630081514755316,2.2760017985410794,0.2091238141749953,0.2510473402236191,0.0665862057690403,348751,43.2325
261,E09000023,Lewisham,London,0.1338127498704238,0.1816709128436962,0.1048102901401961,0.0105317739249732,1.977373588202182,0.2100441850126357,0.2604106126031534,0.0666723851306844,300225,35.3167
262,E06000058,"Bournemouth, Christchurch and Poole",South West,0.1334414049049007,0.180801598952692,0.1005200889911812,0.0283256983208218,2.67702717722182,0.3557981086063145,0.2340371179865293,0.0667027645477317,406626,173.9322
263,E06000016,Leicester,East Midlands,0.1329630026302639,0.1822660130994674,0.0854522590506141,0.0764909246028455,2.9564895408548826,0.3274900660536698,0.2185129513677911,0.0666992179095148,382696,73.3421
264,E07000008,Cambridge,East of England,0.1329484453267682,0.1751040593134508,0.1089040121985427,0.0183481079062572,2.85943550843176,0.2131965634836867,0.2672560310831938,0.0668704026189987,148842,40.6987
265,E09000014,Haringey,London,0.1328808719857782,0.1772525756443659,0.1069992372976311,0.0145488924454285,2.155254457514752,0.1717170114342592,0.2695274778878496,0.066744670136888,263362,29.5983
266,E06000003,Redcar and Cleveland,North East,0.1327802510609743,0.1555480232044385,0.1327442021008605,0.0190855861841092,4.2038386219816815,0.4628710273128774,0.2631116731024847,0.0669714326395881,138115,253.7857
267,E09000024,Merton,London,0.1322685078625284,0.1829308545597994,0.0950015258812518,0.0280247023012793,2.361707783646119,0.2351511413308296,0.2429083100304584,0.0665606791204462,217135,37.6248
268,E07000062,Hastings,South East,0.1316659398645639,0.1913409124046153,0.0860040205476374,0.0159387544320133,2.264856953026167,0.2369640191854939,0.2324292177795227,0.0667085960648333,91221,30.8011
269,E07000229,Worthing,South East,0.1314483236206097,0.1844802763098991,0.0925487635854366,0.021886800314855,2.191737610405945,0.2221934041383966,0.2430911741418,0.0667102048687351,112897,33.7831
270,E06000046,Isle of Wight,South East,0.1312986888210088,0.1773943064078773,0.1037348077039073,0.0110761253550716,2.856858756747192,0.286722618658549,0.2501356077381871,0.0668947263573087,141281,392.8289
271,E06000038,Reading,South East,0.1293517547074554,0.1692852984002042,0.0962445571622312,0.0621128264246082,2.376494722383147,0.2412432198991409,0.2457029006029731,0.0667667339927377,179863,40.3979
272,E09000008,Croydon,London,0.1285324946152716,0.1725278071990297,0.0893161978455061,0.0654211187755433,2.319792753110883,0.2645438544404672,0.2305441987613809,0.0664888246121802,402217,86.4943
273,E09000006,Bromley,London,0.1268778086903745,0.1794581823903862,0.087129381756738,0.0229696479248615,2.551927504598745,0.3192868859299775,0.2196828421270089,0.0664794572611767,332482,150.1348
274,E07000208,Epsom and Ewell,South East,0.1260757557685262,0.176069864823753,0.0839003529889893,0.0448068216105394,2.378837372406614,0.27456923353261,0.2235377139173409,0.0666373099373669,82614,34.0794
275,E09000027,Richmond upon Thames,London,0.1254900819088302,0.181996381389778,0.0833178503431886,0.0116475107666573,2.711684250529172,0.3188527553625793,0.2150922101247045,0.0665095708657636,196061,58.7614
276,E09000029,Sutton,London,0.1250386445335267,0.1792593626555991,0.0815808317168841,0.0277663051897346,2.3685640979862104,0.2745865938423827,0.218145484758271,0.0663998721433899,212336,43.8471
277,E07000103,Watford,East of England,0.1248235345952853,0.170500936010898,0.0829158010538647,0.0640674616829047,2.438666925708477,0.2661913000519235,0.2242046162420512,0.0667106920717626,105261,21.4305
278,E06000033,Southend-on-Sea,East of England,0.1241915727775846,0.1789780007863861,0.0787046744788041,0.0322070259286993,2.4076018272701907,0.2588256011246594,0.2190185476789514,0.0666328669909732,182771,67.8641
279,E07000173,Gedling,East Midlands,0.1241243288558265,0.1666453424195835,0.0936932967503205,0.0332433894590657,2.865773640538248,0.2992637390898205,0.2348914527622107,0.06685717196451,119053,119.9817
280,E06000027,Torbay,South West,0.1234919314123551,0.1770937891777169,0.0857173789451119,0.006580852454519,2.593340385061255,0.3502709563407672,0.215095646934111,0.0666528212438426,139744,119.4665
281,E06000009,Blackpool,North West,0.1220907503224261,0.1862081369101081,0.065183177640167,0.0291341081130522,2.8573813558537777,0.2699151485536536,0.1992906446433552,0.0665782909468145,143070,43.1508
282,E07000148,Norwich,East of England,0.1218189595889402,0.1739439712233736,0.0797014669006377,0.0296638721699826,2.6074970331889835,0.245628771531909,0.2228886663353681,0.0666992528296541,146404,40.5541
283,E07000088,Gosport,South East,0.120598591765447,0.1756942480021963,0.0787068851133764,0.0126871371899832,2.054851489775446,0.2240340837848126,0.2240069809416168,0.0666277548660412,82742,27.6077
284,E07000061,Eastbourne,South East,0.1204481199939942,0.1738850089381581,0.0724580038830318,0.0452241397170239,2.293692066597986,0.2353219868845318,0.2145759268142235,0.0666603560803396,103862,45.3312
285,E09000015,Harrow,London,0.1178073853486849,0.1768442924848671,0.0590205824807854,0.0577700611393724,1.8755746643686,0.180987499323046,0.202267655432799,0.0663897020011336,266891,50.4634
286,E07000135,Oadby and Wigston,East Midlands,0.1168103972552425,0.177818009049879,0.0534575771719185,0.0651836186153562,2.556962588857688,0.2795833755334327,0.1836205567019297,0.0666754592017403,59826,23.5261
287,E07000174,Mansfield,East Midlands,0.1163218230120006,0.1543175514746087,0.0899345694648347,0.0318921948876234,2.879360173054144,0.3467866752702557,0.2223561291880322,0.0667802232224982,112277,76.6971
288,E07000078,Cheltenham,South West,0.1151347915124611,0.1701739463106464,0.0674111471153409,0.0308335951100157,2.6408359370423384,0.2584151295648222,0.2042268661360086,0.0666158118876204,120859,46.5961
289,E07000236,Redditch,West Midlands,0.1138474960491421,0.1473018713782377,0.097758154278987,0.010932986484284,2.901256533984688,0.338994766285858,0.2333745944504753,0.0667522765485053,87510,54.2509
